﻿<?xml version="1.0" encoding="utf-8" ?>
<c2eventsheet>
    <!--All the 'name' attributes are ignored by Construct 2 - they are there for readability only.-->
    <name>Event sheet 1</name>
    <events>
        <variable constant="0" name="Shake" sid="7968717115265437" static="0" type="number">0</variable>
        <variable constant="0" name="AllKills" sid="1416818537141286" static="0" type="number">0</variable>
        <variable constant="0" name="Kills" sid="8555462071923262" static="0" type="number">0</variable>
        <variable constant="0" name="PowerUpThere" sid="5024550796146485" static="0" type="number">0</variable>
        <variable constant="0" name="PowerUpCheck" sid="6889912501310498" static="0" type="number">0</variable>
        <variable constant="0" name="ShootAllowed" sid="419569124041791" static="0" type="number">1</variable>
        <event-block sid="8588005137344553">
            <conditions>
                <condition id="2" name="Key is down" sid="3514557125032161" type="Keyboard">
                    <param id="0" name="Key">87 (W)</param>
                </condition>
            </conditions>
            <actions>
                <action id="4" name="Set animation" sid="8605691149008714" type="Plane">
                    <param id="0" name="Animation">&quot;TurnUp&quot;</param>
                    <param id="1" name="From">0</param>
                </action>
                <action behavior="8Direction" id="7" name="Simulate control" sid="8000046035306718" type="Plane">
                    <param id="0" name="Control">2</param>
                </action>
            </actions>
        </event-block>
        <event-block sid="5518157779603532">
            <conditions>
                <condition id="0" name="On key pressed" sid="6892598470176453" type="Keyboard">
                    <param id="0" name="Key">87 (W)</param>
                </condition>
            </conditions>
            <actions>
                <action id="4" name="Set animation" sid="7571979716196489" type="Plane">
                    <param id="0" name="Animation">&quot;TurnUp&quot;</param>
                    <param id="1" name="From">1</param>
                </action>
            </actions>
        </event-block>
        <event-block sid="7138613977847467">
            <conditions>
                <condition id="2" name="Key is down" sid="3452456590049673" type="Keyboard">
                    <param id="0" name="Key">83 (S)</param>
                </condition>
            </conditions>
            <actions>
                <action behavior="8Direction" id="7" name="Simulate control" sid="5490778082993385" type="Plane">
                    <param id="0" name="Control">3</param>
                </action>
            </actions>
        </event-block>
        <event-block sid="3319289184544281">
            <conditions>
                <condition id="0" name="On key pressed" sid="8875778895753234" type="Keyboard">
                    <param id="0" name="Key">83 (S)</param>
                </condition>
            </conditions>
            <actions>
                <action id="4" name="Set animation" sid="7750119870495601" type="Plane">
                    <param id="0" name="Animation">&quot;TurnDown&quot;</param>
                    <param id="1" name="From">1</param>
                </action>
            </actions>
        </event-block>
        <event-block sid="9414213832897328">
            <conditions>
                <condition id="0" name="On click" sid="8371928223679282" type="Mouse">
                    <param id="0" name="Mouse button">0</param>
                    <param id="1" name="Click type">0</param>
                </condition>
                <condition id="-14" name="Compare variable" sid="6513237292370972" type="System">
                    <param id="0" name="Variable">ShootAllowed</param>
                    <param id="1" name="Comparison">0</param>
                    <param id="2" name="Value">1</param>
                </condition>
                <condition id="-14" name="Compare variable" sid="2943148745787263" type="System">
                    <param id="0" name="Variable">PowerUpCheck</param>
                    <param id="1" name="Comparison">0</param>
                    <param id="2" name="Value">0</param>
                </condition>
            </conditions>
            <actions>
                <action id="-9" name="Set value" sid="4450362134034349" type="System">
                    <param id="0" name="Variable">ShootAllowed</param>
                    <param id="1" name="Value">0</param>
                </action>
                <action id="0" name="Spawn another object" sid="9514583242823249" type="Plane">
                    <param id="0" name="Object">Bullet</param>
                    <param id="1" name="Layer">1</param>
                    <param id="2" name="Image point">0</param>
                </action>
                <action id="-22" name="Set angle toward position" sid="7816993387293162" type="Bullet">
                    <param id="0" name="X">Mouse.X</param>
                    <param id="1" name="Y">Mouse.Y</param>
                </action>
                <action id="-9" name="Set value" sid="7325033937024878" type="System">
                    <param id="0" name="Variable">ShootAllowed</param>
                    <param id="1" name="Value">1</param>
                </action>
            </actions>
        </event-block>
        <event-block sid="5236718208870776">
            <conditions>
                <condition id="-4" name="Is outside layout" sid="5655583418852436" type="Bullet" />
            </conditions>
            <actions>
                <action id="-9" name="Destroy" sid="1502890401840808" type="Bullet" />
            </actions>
        </event-block>
        <event-block sid="7120639903628632">
            <conditions>
                <condition id="-6" name="Every X seconds" sid="3583901726729375" type="System">
                    <param id="0" name="Interval (seconds)">0.55</param>
                </condition>
            </conditions>
            <actions>
                <action id="-3" name="Create object" sid="1768550518363913" type="System">
                    <param id="0" name="Object to create">NotKostasIdea</param>
                    <param id="1" name="Layer">1</param>
                    <param id="2" name="X">1300</param>
                    <param id="3" name="Y">random(0,715)</param>
                </action>
            </actions>
        </event-block>
        <event-block sid="7125820432959729">
            <conditions>
                <condition id="0" name="On collision with another object" sid="8283091955222955" type="Bullet">
                    <param id="0" name="Object">NotKostasIdea</param>
                </condition>
            </conditions>
            <actions>
                <action id="-12" name="Subtract from" sid="998675474323969" type="NotKostasIdea">
                    <param id="0" name="Instance variable">KostaHealth</param>
                    <param id="1" name="Value">1</param>
                </action>
                <action id="-3" name="Create object" sid="9308210827652498" type="System">
                    <param id="0" name="Object to create">Sprite3</param>
                    <param id="1" name="Layer">1</param>
                    <param id="2" name="X">NotKostasIdea.X</param>
                    <param id="3" name="Y">NotKostasIdea.Y</param>
                </action>
                <action id="-9" name="Destroy" sid="8964131874800425" type="Bullet" />
            </actions>
        </event-block>
        <event-block sid="5803013560402948">
            <conditions>
                <condition id="-7" name="Compare instance variable" sid="394866791227947" type="NotKostasIdea">
                    <param id="0" name="Instance variable">KostaHealth</param>
                    <param id="1" name="Comparison">3</param>
                    <param id="2" name="Value">0</param>
                </condition>
            </conditions>
            <actions>
                <action id="-9" name="Destroy" sid="3576073061567136" type="NotKostasIdea" />
                <action id="-10" name="Add to" sid="7887959956081591" type="System">
                    <param id="0" name="Variable">Kills</param>
                    <param id="1" name="Value">2</param>
                </action>
                <action id="-10" name="Add to" sid="2622632673513556" type="System">
                    <param id="0" name="Variable">AllKills</param>
                    <param id="1" name="Value">1</param>
                </action>
            </actions>
        </event-block>
        <event-block sid="4583028393162283">
            <conditions>
                <condition id="-6" name="Every X seconds" sid="7532251451909804" type="System">
                    <param id="0" name="Interval (seconds)">3.2</param>
                </condition>
            </conditions>
            <actions>
                <action id="-3" name="Create object" sid="5490200067619074" type="System">
                    <param id="0" name="Object to create">Sonic</param>
                    <param id="1" name="Layer">1</param>
                    <param id="2" name="X">1300</param>
                    <param id="3" name="Y">random(0,710)</param>
                </action>
            </actions>
        </event-block>
        <event-block sid="9982116523214239">
            <conditions>
                <condition id="0" name="On collision with another object" sid="4563715681587773" type="Bullet">
                    <param id="0" name="Object">Sonic</param>
                </condition>
            </conditions>
            <actions>
                <action id="-12" name="Subtract from" sid="6004870383411292" type="Sonic">
                    <param id="0" name="Instance variable">SonicHealth</param>
                    <param id="1" name="Value">1</param>
                </action>
                <action id="-3" name="Create object" sid="1471877698956363" type="System">
                    <param id="0" name="Object to create">Sprite3</param>
                    <param id="1" name="Layer">1</param>
                    <param id="2" name="X">Sonic.X</param>
                    <param id="3" name="Y">Sonic.Y</param>
                </action>
                <action id="-9" name="Destroy" sid="3300610064324412" type="Bullet" />
            </actions>
        </event-block>
        <event-block sid="6511580461078028">
            <conditions>
                <condition id="-7" name="Compare instance variable" sid="1583806013169646" type="Sonic">
                    <param id="0" name="Instance variable">SonicHealth</param>
                    <param id="1" name="Comparison">3</param>
                    <param id="2" name="Value">0</param>
                </condition>
            </conditions>
            <actions>
                <action id="-9" name="Destroy" sid="6484602030606322" type="Sonic" />
                <action id="-10" name="Add to" sid="4978498635512015" type="System">
                    <param id="0" name="Variable">Kills</param>
                    <param id="1" name="Value">10</param>
                </action>
                <action id="-10" name="Add to" sid="3859133335190107" type="System">
                    <param id="0" name="Variable">AllKills</param>
                    <param id="1" name="Value">2</param>
                </action>
            </actions>
        </event-block>
        <event-block sid="2615651745315327">
            <conditions>
                <condition id="-4" name="Is outside layout" sid="6254236227719204" type="NotKostasIdea" />
            </conditions>
            <actions>
                <action id="-9" name="Destroy" sid="19643688283615" type="NotKostasIdea" />
                <action id="-12" name="Subtract from" sid="3874791491933739" type="Plane">
                    <param id="0" name="Instance variable">Health</param>
                    <param id="1" name="Value">1</param>
                </action>
            </actions>
        </event-block>
        <event-block sid="9248007504047241">
            <conditions>
                <condition id="-4" name="Is outside layout" sid="6200421165334117" type="Sonic" />
            </conditions>
            <actions>
                <action id="-9" name="Destroy" sid="8696550834631401" type="Sonic" />
                <action id="-12" name="Subtract from" sid="7488369975500277" type="Plane">
                    <param id="0" name="Instance variable">Health</param>
                    <param id="1" name="Value">1</param>
                </action>
            </actions>
        </event-block>
        <event-block sid="8656179390278716">
            <conditions>
                <condition id="0" name="On collision with another object" sid="1132712847111891" type="Plane">
                    <param id="0" name="Object">PowerUp</param>
                </condition>
            </conditions>
            <actions>
                <action id="-9" name="Destroy" sid="6051969001550643" type="PowerUp" />
                <action id="-9" name="Set value" sid="641356412917345" type="System">
                    <param id="0" name="Variable">PowerUpThere</param>
                    <param id="1" name="Value">0</param>
                </action>
                <action id="-9" name="Set value" sid="9919280145357889" type="System">
                    <param id="0" name="Variable">PowerUpCheck</param>
                    <param id="1" name="Value">1</param>
                </action>
                <action id="-16" name="Wait" sid="1472592171337116" type="System">
                    <param id="0" name="Seconds">5</param>
                </action>
                <action id="-9" name="Set value" sid="5237866255317671" type="System">
                    <param id="0" name="Variable">PowerUpCheck</param>
                    <param id="1" name="Value">0</param>
                </action>
                <action id="-9" name="Set value" sid="6542534922460714" type="System">
                    <param id="0" name="Variable">Shake</param>
                    <param id="1" name="Value">1</param>
                </action>
            </actions>
        </event-block>
        <event-block sid="6637804746952935">
            <conditions>
                <condition id="0" name="On click" sid="495964201331128" type="Mouse">
                    <param id="0" name="Mouse button">0</param>
                    <param id="1" name="Click type">0</param>
                </condition>
                <condition id="-14" name="Compare variable" sid="787138013571239" type="System">
                    <param id="0" name="Variable">PowerUpCheck</param>
                    <param id="1" name="Comparison">0</param>
                    <param id="2" name="Value">1</param>
                </condition>
            </conditions>
            <actions>
                <action id="0" name="Spawn another object" sid="8398083937297947" type="Plane">
                    <param id="0" name="Object">BulletBill</param>
                    <param id="1" name="Layer">1</param>
                    <param id="2" name="Image point">0</param>
                </action>
                <action id="-22" name="Set angle toward position" sid="2914606324819698" type="BulletBill">
                    <param id="0" name="X">Mouse.X</param>
                    <param id="1" name="Y">Mouse.Y</param>
                </action>
            </actions>
        </event-block>
        <event-block sid="9916317732232328">
            <conditions>
                <condition id="0" name="On collision with another object" sid="5240090084676076" type="BulletBill">
                    <param id="0" name="Object">NotKostasIdea</param>
                </condition>
            </conditions>
            <actions>
                <action id="-12" name="Subtract from" sid="6368129264037253" type="NotKostasIdea">
                    <param id="0" name="Instance variable">KostaHealth</param>
                    <param id="1" name="Value">100</param>
                </action>
                <action id="-3" name="Create object" sid="6721762305680679" type="System">
                    <param id="0" name="Object to create">Sprite3</param>
                    <param id="1" name="Layer">1</param>
                    <param id="2" name="X">NotKostasIdea.X</param>
                    <param id="3" name="Y">NotKostasIdea.Y</param>
                </action>
            </actions>
        </event-block>
        <event-block sid="2613885451900334">
            <conditions>
                <condition id="0" name="On collision with another object" sid="4419314529836258" type="BulletBill">
                    <param id="0" name="Object">Sonic</param>
                </condition>
            </conditions>
            <actions>
                <action id="-12" name="Subtract from" sid="5111332294167538" type="Sonic">
                    <param id="0" name="Instance variable">SonicHealth</param>
                    <param id="1" name="Value">100</param>
                </action>
                <action id="-3" name="Create object" sid="9472181471670321" type="System">
                    <param id="0" name="Object to create">Sprite3</param>
                    <param id="1" name="Layer">1</param>
                    <param id="2" name="X">NotKostasIdea.X</param>
                    <param id="3" name="Y">NotKostasIdea.Y</param>
                </action>
            </actions>
        </event-block>
        <event-block sid="5378317863656999">
            <conditions>
                <condition id="-1" name="Every tick" sid="4749257190187093" type="System" />
            </conditions>
            <actions>
                <action id="3" name="Set progress" sid="2156940489326117" type="Kills">
                    <param id="0" name="Value">Kills</param>
                </action>
            </actions>
        </event-block>
        <event-block sid="7001722480828174">
            <conditions>
                <condition id="1" name="Compare progress" sid="9028841126189763" type="Kills">
                    <param id="0" name="Comparison">0</param>
                    <param id="1" name="Value">100</param>
                </condition>
            </conditions>
            <actions>
                <action id="-9" name="Set value" sid="2965602508948055" type="System">
                    <param id="0" name="Variable">Kills</param>
                    <param id="1" name="Value">0</param>
                </action>
            </actions>
            <sub-events>
                <event-block sid="7970509341506251">
                    <conditions>
                        <condition id="-14" name="Compare variable" sid="2095280691433489" type="System">
                            <param id="0" name="Variable">PowerUpCheck</param>
                            <param id="1" name="Comparison">0</param>
                            <param id="2" name="Value">0</param>
                        </condition>
                        <condition id="-6" name="Every X seconds" sid="7297653292544983" type="System">
                            <param id="0" name="Interval (seconds)">random(10,15)</param>
                        </condition>
                    </conditions>
                    <actions>
                        <action id="-3" name="Create object" sid="203164404981024" type="System">
                            <param id="0" name="Object to create">PowerUp</param>
                            <param id="1" name="Layer">1</param>
                            <param id="2" name="X">100</param>
                            <param id="3" name="Y">random(0,720)</param>
                        </action>
                        <action id="-9" name="Set value" sid="5295867292925703" type="System">
                            <param id="0" name="Variable">PowerUpThere</param>
                            <param id="1" name="Value">1</param>
                        </action>
                    </actions>
                </event-block>
            </sub-events>
        </event-block>
        <event-block sid="9348571519719568">
            <conditions>
                <condition id="-1" name="Every tick" sid="7788266020516036" type="System" />
            </conditions>
            <actions>
                <action id="0" name="Set text" sid="5407801088707906" type="Health">
                    <param id="0" name="Text">plane.Health</param>
                </action>
                <action id="0" name="Set text" sid="8477902317563339" type="FinalScore">
                    <param id="0" name="Text">&quot;Your Score was &quot; &amp; AllKills &amp; &quot; press Enter to restart&quot;</param>
                </action>
            </actions>
        </event-block>
        <event-block sid="3360707540792643">
            <conditions>
                <condition id="-7" name="Compare instance variable" sid="5388722551598663" type="Plane">
                    <param id="0" name="Instance variable">Health</param>
                    <param id="1" name="Comparison">3</param>
                    <param id="2" name="Value">0</param>
                </condition>
            </conditions>
            <actions>
                <action id="-9" name="Destroy" sid="3841228005772952" type="Plane" />
                <action id="-15" name="Set visible" sid="1985947913610584" type="FinalScore">
                    <param id="0" name="Visibility">1</param>
                </action>
            </actions>
        </event-block>
        <event-block sid="2968696700320681">
            <conditions>
                <condition id="0" name="On key pressed" sid="5042307296247935" type="Keyboard">
                    <param id="0" name="Key">13 (Return)</param>
                </condition>
                <condition id="-8" name="Compare two values" sid="6544162067127939" type="System">
                    <param id="0" name="First value">Plane.Count</param>
                    <param id="1" name="Comparison">0</param>
                    <param id="2" name="Second value">0</param>
                </condition>
            </conditions>
            <actions>
                <action id="-26" name="Restart layout" sid="5926594683313634" type="System" />
            </actions>
        </event-block>
        <event-block sid="2228723973728406">
            <conditions>
                <condition id="0" name="On collision with another object" sid="9633864852326102" type="NotKostasIdea">
                    <param id="0" name="Object">Plane</param>
                </condition>
                <condition id="-14" name="Compare variable" sid="236893239438775" type="System">
                    <param id="0" name="Variable">PowerUpCheck</param>
                    <param id="1" name="Comparison">0</param>
                    <param id="2" name="Value">0</param>
                </condition>
            </conditions>
            <actions>
                <action id="-9" name="Destroy" sid="6726584706503315" type="Plane" />
                <action id="-15" name="Set visible" sid="2258601858663719" type="FinalScore">
                    <param id="0" name="Visibility">1</param>
                </action>
            </actions>
        </event-block>
        <event-block sid="656139712755566">
            <conditions>
                <condition id="-14" name="Compare variable" sid="1333416158124338" type="System">
                    <param id="0" name="Variable">Shake</param>
                    <param id="1" name="Comparison">0</param>
                    <param id="2" name="Value">1</param>
                </condition>
            </conditions>
            <actions>
                <action id="-16" name="Wait" sid="323539081668132" type="System">
                    <param id="0" name="Seconds">5</param>
                </action>
                <action id="-9" name="Set value" sid="5909058988822529" type="System">
                    <param id="0" name="Variable">Shake</param>
                    <param id="1" name="Value">0</param>
                </action>
            </actions>
        </event-block>
    </events>
</c2eventsheet>
