﻿<?xml version="1.0" encoding="utf-8" ?>
<c2eventsheet>
    <!--All the 'name' attributes are ignored by Construct 2 - they are there for readability only.-->
    <name>Event sheet 1</name>
    <events>
        <variable constant="0" name="GameEnd" sid="2651624780102183" static="0" type="number">0</variable>
        <variable constant="0" name="APowerUp" sid="9907099405946917" static="0" type="number">0</variable>
        <variable constant="0" name="score" sid="4594429386451853" static="0" type="number">0</variable>
        <variable constant="0" name="GroundY" sid="3528693204781263" static="0" type="number">169</variable>
        <variable constant="0" name="GroundX" sid="9246249965141227" static="0" type="number">878</variable>
        <event-block sid="5954255145915953">
            <conditions>
                <condition id="-6" name="Every X seconds" sid="7775745688516969" type="System">
                    <param id="0" name="Interval (seconds)">random(1,2)</param>
                </condition>
            </conditions>
            <actions>
                <action id="-3" name="Create object" sid="9920365337160037" type="System">
                    <param id="0" name="Object to create">Ground</param>
                    <param id="1" name="Layer">0</param>
                    <param id="2" name="X">GroundX</param>
                    <param id="3" name="Y">GroundY</param>
                </action>
                <action id="-7" name="Set size" sid="3801349782357102" type="Ground">
                    <param id="0" name="Width">random(100, 350)</param>
                    <param id="1" name="Height">Ground.Height</param>
                </action>
            </actions>
        </event-block>
        <event-block sid="179226760906641">
            <conditions>
                <condition id="-1" name="Compare X" sid="6321582326912499" type="Ground">
                    <param id="0" name="Comparison">2</param>
                    <param id="1" name="X co-ordinate">-550</param>
                </condition>
            </conditions>
            <actions>
                <action id="-9" name="Destroy" sid="5213866743104679" type="Ground" />
            </actions>
        </event-block>
        <event-block sid="2171591807044488">
            <conditions>
                <condition id="-6" name="Every X seconds" sid="9308606295272066" type="System">
                    <param id="0" name="Interval (seconds)">random(1, 3)</param>
                </condition>
            </conditions>
            <actions>
                <action id="-9" name="Set value" sid="2161279922131535" type="System">
                    <param id="0" name="Variable">GroundY</param>
                    <param id="1" name="Value">random(145, 459)</param>
                </action>
            </actions>
        </event-block>
        <event-block sid="4476888098757117">
            <conditions>
                <condition id="-1" name="Every tick" sid="822989041830343" type="System" />
            </conditions>
            <actions>
                <action id="-1" name="Set X" sid="509428423196391" type="Ground">
                    <param id="0" name="X">Ground.X-5</param>
                </action>
                <action id="-1" name="Set X" sid="9341542941250512" type="RealGround">
                    <param id="0" name="X">RealGround.X-5</param>
                </action>
                <action id="-1" name="Set X" sid="8903571038243959" type="PowerUpp">
                    <param id="0" name="X">PowerUpp.X - 5</param>
                </action>
            </actions>
        </event-block>
        <event-block sid="4727985327758216">
            <conditions>
                <condition id="-1" name="Compare X" sid="5880735566964797" type="RealGround">
                    <param id="0" name="Comparison">2</param>
                    <param id="1" name="X co-ordinate">-400</param>
                </condition>
            </conditions>
            <actions>
                <action id="-9" name="Destroy" sid="9713237811929978" type="RealGround" />
            </actions>
        </event-block>
        <event-block sid="4801274755644043">
            <conditions>
                <condition id="2" name="Key is down" sid="7060830186559445" type="Keyboard">
                    <param id="0" name="Key">39 (Right arrow)</param>
                </condition>
                <condition behavior="Platform" id="2" name="Is on floor" sid="2801470985510686" type="Sprite" />
            </conditions>
            <actions>
                <action id="4" name="Set animation" sid="314307910476063" type="Sprite">
                    <param id="0" name="Animation">&quot;Running&quot;</param>
                    <param id="1" name="From">1</param>
                </action>
            </actions>
        </event-block>
        <event-block any="1" sid="3775008214194131">
            <conditions>
                <condition id="-1" name="Compare X" sid="3442457843032482" type="Sprite">
                    <param id="0" name="Comparison">2</param>
                    <param id="1" name="X co-ordinate">-100</param>
                </condition>
                <condition id="-2" name="Compare Y" sid="2731945871851999" type="Sprite">
                    <param id="0" name="Comparison">4</param>
                    <param id="1" name="Y co-ordinate">600</param>
                </condition>
            </conditions>
            <actions>
                <action id="-9" name="Destroy" sid="9556662685533441" type="Sprite" />
                <action id="-15" name="Set visible" sid="8155371454651343" type="GameEnd">
                    <param id="0" name="Visibility">1</param>
                </action>
                <action id="0" name="Set text" sid="5566083121754981" type="GameEnd">
                    <param id="0" name="Text">&quot;Your score was &quot; &amp; round(score) &amp; &quot;, Press Enter&quot;</param>
                </action>
                <action id="-15" name="Set visible" sid="5548879204827119" type="Score">
                    <param id="0" name="Visibility">0</param>
                </action>
                <action id="-9" name="Set value" sid="8601918424028876" type="System">
                    <param id="0" name="Variable">GameEnd</param>
                    <param id="1" name="Value">1</param>
                </action>
            </actions>
        </event-block>
        <event-block sid="2228565694517454">
            <conditions>
                <condition id="-1" name="Every tick" sid="8268715880435826" type="System" />
                <condition id="-8" name="Compare two values" sid="529140525655242" type="System">
                    <param id="0" name="First value">Sprite.Count</param>
                    <param id="1" name="Comparison">5</param>
                    <param id="2" name="Second value">1</param>
                </condition>
            </conditions>
            <actions>
                <action id="-10" name="Add to" sid="1250073125829233" type="System">
                    <param id="0" name="Variable">score</param>
                    <param id="1" name="Value">100*dt</param>
                </action>
                <action id="0" name="Set text" sid="9543079360853559" type="Score">
                    <param id="0" name="Text">round(score)</param>
                </action>
            </actions>
        </event-block>
        <event-block sid="207209016094497">
            <conditions>
                <condition behavior="Platform" id="3" name="Is jumping" sid="7710718788626668" type="Sprite" />
            </conditions>
            <actions>
                <action id="4" name="Set animation" sid="144365436713285" type="Sprite">
                    <param id="0" name="Animation">&quot;jump&quot;</param>
                    <param id="1" name="From">1</param>
                </action>
            </actions>
        </event-block>
        <event-block sid="2346147509017961">
            <conditions>
                <condition behavior="Platform" id="2" name="Is on floor" sid="4867505594481619" type="Sprite" />
                <condition behavior="Platform" id="0" inverted="1" name="Is moving" sid="3493527954740895" type="Sprite" />
            </conditions>
            <actions>
                <action id="4" name="Set animation" sid="3163005650386183" type="Sprite">
                    <param id="0" name="Animation">&quot;Default&quot;</param>
                    <param id="1" name="From">1</param>
                </action>
            </actions>
        </event-block>
        <event-block sid="1406197699904422">
            <conditions>
                <condition id="-14" name="Compare variable" sid="2681457246622105" type="System">
                    <param id="0" name="Variable">APowerUp</param>
                    <param id="1" name="Comparison">0</param>
                    <param id="2" name="Value">1</param>
                </condition>
            </conditions>
            <actions>
                <action id="-9" name="Set value" sid="64965926406218" type="System">
                    <param id="0" name="Variable">APowerUp</param>
                    <param id="1" name="Value">0</param>
                </action>
                <action id="0" name="Spawn another object" sid="5781909889849334" type="Ground">
                    <param id="0" name="Object">PowerUpp</param>
                    <param id="1" name="Layer">1</param>
                    <param id="2" name="Image point">1</param>
                </action>
            </actions>
        </event-block>
        <event-block sid="2213032083328027">
            <conditions>
                <condition id="-6" name="Every X seconds" sid="1933433022759076" type="System">
                    <param id="0" name="Interval (seconds)">random(7,14)</param>
                </condition>
            </conditions>
            <actions>
                <action id="-9" name="Set value" sid="9966263967046706" type="System">
                    <param id="0" name="Variable">APowerUp</param>
                    <param id="1" name="Value">1</param>
                </action>
            </actions>
        </event-block>
        <event-block sid="7188376712962985">
            <conditions>
                <condition id="0" name="On collision with another object" sid="1814133413714519" type="Sprite">
                    <param id="0" name="Object">PowerUpp</param>
                </condition>
            </conditions>
            <actions>
                <action id="-9" name="Destroy" sid="734771634472676" type="PowerUpp" />
                <action id="-10" name="Add to" sid="2534234675255459" type="System">
                    <param id="0" name="Variable">score</param>
                    <param id="1" name="Value">100</param>
                </action>
            </actions>
        </event-block>
        <event-block sid="8641767514209938">
            <conditions>
                <condition id="0" name="On key pressed" sid="5140345246891979" type="Keyboard">
                    <param id="0" name="Key">13 (Return)</param>
                </condition>
                <condition id="-14" name="Compare variable" sid="5835839439227527" type="System">
                    <param id="0" name="Variable">GameEnd</param>
                    <param id="1" name="Comparison">0</param>
                    <param id="2" name="Value">1</param>
                </condition>
            </conditions>
            <actions>
                <action id="-26" name="Restart layout" sid="716529751059429" type="System" />
                <action id="-9" name="Set value" sid="4547032659859175" type="System">
                    <param id="0" name="Variable">score</param>
                    <param id="1" name="Value">0</param>
                </action>
            </actions>
        </event-block>
    </events>
</c2eventsheet>
