﻿<?xml version="1.0" encoding="utf-8" ?>
<c2eventsheet>
    <!--All the 'name' attributes are ignored by Construct 2 - they are there for readability only.-->
    <name>Event sheet 1</name>
    <events>
        <variable constant="0" name="Death" sid="2416753652022982" static="0" type="number">0</variable>
        <variable constant="0" name="every6" sid="7906781497518729" static="0" type="number">0</variable>
        <event-block sid="997930899195815">
            <conditions>
                <condition id="0" name="On key pressed" sid="7805943258174412" type="Keyboard">
                    <param id="0" name="Key">38 (Up arrow)</param>
                </condition>
                <condition id="-14" name="Compare variable" sid="5516949554151965" type="System">
                    <param id="0" name="Variable">Death</param>
                    <param id="1" name="Comparison">0</param>
                    <param id="2" name="Value">0</param>
                </condition>
            </conditions>
            <actions>
                <action id="4" name="Set animation" sid="1858309421590961" type="Character">
                    <param id="0" name="Animation">&quot;jump&quot;</param>
                    <param id="1" name="From">1</param>
                </action>
            </actions>
        </event-block>
        <event-block sid="8155579637603946">
            <conditions>
                <condition id="0" name="On key pressed" sid="8018115408630823" type="Keyboard">
                    <param id="0" name="Key">37 (Left arrow)</param>
                </condition>
                <condition id="-14" name="Compare variable" sid="4830847241431198" type="System">
                    <param id="0" name="Variable">Death</param>
                    <param id="1" name="Comparison">0</param>
                    <param id="2" name="Value">0</param>
                </condition>
            </conditions>
            <actions>
                <action id="7" name="Set mirrored" sid="4629348285217701" type="Character">
                    <param id="0" name="State">0</param>
                </action>
            </actions>
        </event-block>
        <event-block sid="4408897085290225">
            <conditions>
                <condition id="0" name="On key pressed" sid="6734301988010786" type="Keyboard">
                    <param id="0" name="Key">39 (Right arrow)</param>
                </condition>
                <condition id="-14" name="Compare variable" sid="1507668310507698" type="System">
                    <param id="0" name="Variable">Death</param>
                    <param id="1" name="Comparison">0</param>
                    <param id="2" name="Value">0</param>
                </condition>
            </conditions>
            <actions>
                <action id="7" name="Set mirrored" sid="9186808921129885" type="Character">
                    <param id="0" name="State">1</param>
                </action>
            </actions>
        </event-block>
        <event-block sid="2902633397981587">
            <conditions>
                <condition id="-1" name="Every tick" sid="3716565934190141" type="System" />
                <condition id="-14" name="Compare variable" sid="5392723206644546" type="System">
                    <param id="0" name="Variable">Death</param>
                    <param id="1" name="Comparison">0</param>
                    <param id="2" name="Value">0</param>
                </condition>
            </conditions>
            <actions />
            <sub-events>
                <event-block sid="1740809626567975">
                    <conditions>
                        <condition id="-7" name="Compare instance variable" sid="1151021052361527" type="Character">
                            <param id="0" name="Instance variable">oldHeight</param>
                            <param id="1" name="Comparison">2</param>
                            <param id="2" name="Value">Character.Y</param>
                        </condition>
                    </conditions>
                    <actions>
                        <action id="4" name="Set animation" sid="2431951613699513" type="Character">
                            <param id="0" name="Animation">&quot;jump&quot;</param>
                            <param id="1" name="From">1</param>
                        </action>
                    </actions>
                </event-block>
                <event-block sid="5826689715417211">
                    <conditions>
                        <condition id="-7" name="Compare instance variable" sid="9946341250168996" type="Character">
                            <param id="0" name="Instance variable">oldHeight</param>
                            <param id="1" name="Comparison">0</param>
                            <param id="2" name="Value">Character.Y</param>
                        </condition>
                    </conditions>
                    <actions>
                        <action id="4" name="Set animation" sid="38496417120957" type="Character">
                            <param id="0" name="Animation">&quot;Default&quot;</param>
                            <param id="1" name="From">1</param>
                        </action>
                    </actions>
                </event-block>
                <event-block sid="7713346606587862">
                    <conditions />
                    <actions>
                        <action id="-10" name="Set value" sid="9088084558707477" type="Character">
                            <param id="0" name="Instance variable">oldHeight</param>
                            <param id="1" name="Value">Character.Y</param>
                        </action>
                    </actions>
                </event-block>
            </sub-events>
        </event-block>
        <event-block sid="2133381968882252">
            <conditions>
                <condition behavior="Platform" id="0" inverted="1" name="Is moving" sid="2259736943630487" type="Character" />
                <condition id="-14" name="Compare variable" sid="2144895529044384" type="System">
                    <param id="0" name="Variable">Death</param>
                    <param id="1" name="Comparison">0</param>
                    <param id="2" name="Value">0</param>
                </condition>
            </conditions>
            <actions>
                <action id="4" name="Set animation" sid="4593109083955488" type="Character">
                    <param id="0" name="Animation">&quot;Standing&quot;</param>
                    <param id="1" name="From">1</param>
                </action>
            </actions>
        </event-block>
        <event-block sid="4681558720632592">
            <conditions>
                <condition id="2" name="Key is down" sid="2272731045183148" type="Keyboard">
                    <param id="0" name="Key">37 (Left arrow)</param>
                </condition>
                <condition id="-7" name="Compare instance variable" sid="5484462578172135" type="Character">
                    <param id="0" name="Instance variable">oldHeight</param>
                    <param id="1" name="Comparison">0</param>
                    <param id="2" name="Value">Character.Y</param>
                </condition>
                <condition id="-14" name="Compare variable" sid="1577575733283097" type="System">
                    <param id="0" name="Variable">Death</param>
                    <param id="1" name="Comparison">0</param>
                    <param id="2" name="Value">0</param>
                </condition>
            </conditions>
            <actions>
                <action id="4" name="Set animation" sid="6588685117818879" type="Character">
                    <param id="0" name="Animation">&quot;Running&quot;</param>
                    <param id="1" name="From">1</param>
                </action>
            </actions>
        </event-block>
        <event-block sid="7669373623225262">
            <conditions>
                <condition id="2" name="Key is down" sid="9702678688217911" type="Keyboard">
                    <param id="0" name="Key">39 (Right arrow)</param>
                </condition>
                <condition id="-7" name="Compare instance variable" sid="2080357155649112" type="Character">
                    <param id="0" name="Instance variable">oldHeight</param>
                    <param id="1" name="Comparison">0</param>
                    <param id="2" name="Value">Character.Y</param>
                </condition>
                <condition id="-14" name="Compare variable" sid="7985487507617974" type="System">
                    <param id="0" name="Variable">Death</param>
                    <param id="1" name="Comparison">0</param>
                    <param id="2" name="Value">0</param>
                </condition>
            </conditions>
            <actions>
                <action id="4" name="Set animation" sid="1562242238672843" type="Character">
                    <param id="0" name="Animation">&quot;Running&quot;</param>
                    <param id="1" name="From">1</param>
                </action>
            </actions>
        </event-block>
        <event-block sid="2703245903967491">
            <conditions>
                <condition id="-2" name="Compare Y" sid="4528063430280718" type="Character">
                    <param id="0" name="Comparison">4</param>
                    <param id="1" name="Y co-ordinate">916</param>
                </condition>
            </conditions>
            <actions>
                <action id="-9" name="Destroy" sid="2680419723664834" type="Character" />
                <action id="-26" name="Restart layout" sid="9281813647156486" type="System" />
            </actions>
        </event-block>
        <event-block sid="1922270074450404">
            <conditions>
                <condition id="0" name="On collision with another object" sid="5349018655165216" type="Character">
                    <param id="0" name="Object">Next</param>
                </condition>
            </conditions>
            <actions>
                <action id="-2" name="Go to layout" sid="9349729165221291" type="System">
                    <param id="0" name="Layout">Layout 2</param>
                </action>
            </actions>
        </event-block>
        <event-block sid="4832943656268765">
            <conditions>
                <condition id="0" name="On collision with another object" sid="554041555076375" type="Character">
                    <param id="0" name="Object">POWTest</param>
                </condition>
            </conditions>
            <actions>
                <action behavior="ScrollTo" id="0" name="Shake" sid="3917288590752301" type="Character">
                    <param id="0" name="Magnitude">40</param>
                    <param id="1" name="Duration">0.5</param>
                    <param id="2" name="Mode">0</param>
                </action>
                <action id="-15" name="Set visible" sid="4704347335254026" type="Bass">
                    <param id="0" name="Visibility">1</param>
                </action>
            </actions>
        </event-block>
        <event-block sid="9526384457499611">
            <conditions>
                <condition id="0" name="On collision with another object" sid="7726373739871331" type="Character">
                    <param id="0" name="Object">Death</param>
                </condition>
            </conditions>
            <actions>
                <action id="-9" name="Set value" sid="5639414778398317" type="System">
                    <param id="0" name="Variable">Death</param>
                    <param id="1" name="Value">1</param>
                </action>
                <action behavior="Platform" id="7" name="Simulate control" sid="6568098489451362" type="Character">
                    <param id="0" name="Control">2</param>
                </action>
                <action behavior="Platform" id="0" name="Set ignoring input" sid="6501245238520569" type="Character">
                    <param id="0" name="Input">1</param>
                </action>
                <action id="4" name="Set animation" sid="2318702071610802" type="Character">
                    <param id="0" name="Animation">&quot;Death&quot;</param>
                    <param id="1" name="From">1</param>
                </action>
                <action id="-16" name="Wait" sid="601784651033224" type="System">
                    <param id="0" name="Seconds">1.0</param>
                </action>
                <action id="-9" name="Set value" sid="2479023105494926" type="System">
                    <param id="0" name="Variable">Death</param>
                    <param id="1" name="Value">0</param>
                </action>
                <action id="-26" name="Restart layout" sid="5434170047504741" type="System" />
            </actions>
        </event-block>
        <event-block sid="7943803526589392">
            <conditions>
                <condition id="-14" name="Compare variable" sid="8796040604824525" type="System">
                    <param id="0" name="Variable">Death</param>
                    <param id="1" name="Comparison">0</param>
                    <param id="2" name="Value">1</param>
                </condition>
            </conditions>
            <actions />
        </event-block>
        <event-block sid="4275215544544442">
            <conditions>
                <condition id="-14" name="Compare variable" sid="7568878123435682" type="System">
                    <param id="0" name="Variable">Death</param>
                    <param id="1" name="Comparison">0</param>
                    <param id="2" name="Value">0</param>
                </condition>
            </conditions>
            <actions />
        </event-block>
        <event-block sid="7780365466110666">
            <conditions>
                <condition id="1" name="Is overlapping another object" sid="2767230150676424" type="Character">
                    <param id="0" name="Object">Fool</param>
                </condition>
            </conditions>
            <actions>
                <action id="-15" name="Set visible" sid="3918429157111949" type="lol">
                    <param id="0" name="Visibility">1</param>
                </action>
                <action id="-15" name="Set visible" sid="6598958404484741" type="Fool">
                    <param id="0" name="Visibility">0</param>
                </action>
            </actions>
        </event-block>
        <event-block sid="6403256672175069">
            <conditions>
                <condition id="0" name="On collision with another object" sid="131467684345131" type="Character">
                    <param id="0" name="Object">Transparent4</param>
                </condition>
            </conditions>
            <actions>
                <action id="-9" name="Destroy" sid="441555284745919" type="Pipe" />
                <action id="-9" name="Destroy" sid="7727386342632937" type="Next" />
                <action id="-9" name="Destroy" sid="7038582104483947" type="Transparent3" />
                <action id="-9" name="Destroy" sid="4905752224577462" type="Sprite4" />
            </actions>
        </event-block>
        <event-block sid="648241126715701">
            <conditions>
                <condition id="0" name="On collision with another object" sid="5733713694511354" type="guy">
                    <param id="0" name="Object">Character</param>
                </condition>
            </conditions>
            <actions>
                <action id="-9" name="Destroy" sid="1001526363832301" type="Character" />
                <action id="-26" name="Restart layout" sid="559913697954517" type="System" />
            </actions>
        </event-block>
    </events>
</c2eventsheet>
