﻿<?xml version="1.0" encoding="utf-8" ?>
<c2eventsheet>
    <!--All the 'name' attributes are ignored by Construct 2 - they are there for readability only.-->
    <name>MainGameEvents</name>
    <events>
        <variable constant="0" name="jump" sid="8267282922586237" static="0" type="number">0</variable>
        <variable constant="0" name="GameStarted" sid="2860005812126502" static="0" type="number">0</variable>
        <variable constant="0" name="BulletsLeft" sid="9258305159466621" static="0" type="number">6</variable>
        <variable constant="0" name="Kills" sid="5417855779835198" static="0" type="number">0</variable>
        <event-block sid="4070856962303177">
            <conditions>
                <condition id="0" name="On collision with another object" sid="8195001556540984" type="player">
                    <param id="0" name="Object">Sprite</param>
                </condition>
            </conditions>
            <actions>
                <action id="-9" name="Set value" sid="36950250340658" type="System">
                    <param id="0" name="Variable">GameStarted</param>
                    <param id="1" name="Value">1</param>
                </action>
                <action id="-15" name="Set visible" sid="7181299028029558" type="Sprite">
                    <param id="0" name="Visibility">0</param>
                </action>
                <action id="-15" name="Set visible" sid="8820842455917014" type="StartButton">
                    <param id="0" name="Visibility">0</param>
                </action>
            </actions>
            <sub-events>
                <event-block sid="3291591699195403">
                    <conditions>
                        <condition id="-14" name="Compare variable" sid="5755368797508622" type="System">
                            <param id="0" name="Variable">GameStarted</param>
                            <param id="1" name="Comparison">0</param>
                            <param id="2" name="Value">1</param>
                        </condition>
                    </conditions>
                    <actions>
                        <action behavior="Bullet" id="0" name="Set speed" sid="5726188553569072" type="Monster">
                            <param id="0" name="Speed">400</param>
                        </action>
                    </actions>
                </event-block>
            </sub-events>
        </event-block>
        <event-block sid="1267725424457476">
            <conditions>
                <condition id="-1" name="Every tick" sid="4688581315339733" type="System" />
            </conditions>
            <actions>
                <action id="-22" name="Set angle toward position" sid="7867465996944832" type="player">
                    <param id="0" name="X">Mouse.X</param>
                    <param id="1" name="Y">Mouse.Y</param>
                </action>
            </actions>
        </event-block>
        <event-block sid="8172390712982223">
            <conditions>
                <condition id="0" name="On click" sid="7539197427192323" type="Mouse">
                    <param id="0" name="Mouse button">0</param>
                    <param id="1" name="Click type">0</param>
                </condition>
                <condition id="-14" name="Compare variable" sid="1000162451007918" type="System">
                    <param id="0" name="Variable">BulletsLeft</param>
                    <param id="1" name="Comparison">4</param>
                    <param id="2" name="Value">0</param>
                </condition>
                <condition id="-14" name="Compare variable" sid="6877192376209716" type="System">
                    <param id="0" name="Variable">GameStarted</param>
                    <param id="1" name="Comparison">0</param>
                    <param id="2" name="Value">1</param>
                </condition>
            </conditions>
            <actions>
                <action id="0" name="Spawn another object" sid="5327203612181269" type="player">
                    <param id="0" name="Object">Bullet</param>
                    <param id="1" name="Layer">0</param>
                    <param id="2" name="Image point">1</param>
                </action>
                <action id="-11" name="Subtract from" sid="9842679199425053" type="System">
                    <param id="0" name="Variable">BulletsLeft</param>
                    <param id="1" name="Value">1</param>
                </action>
                <action id="0" name="Set text" sid="1448428225054264" type="BulletsLeft">
                    <param id="0" name="Text">&quot;Ammo:&quot; &amp; BulletsLeft</param>
                </action>
            </actions>
        </event-block>
        <event-block sid="7922531095185091">
            <conditions>
                <condition id="0" name="On collision with another object" sid="3217779131146672" type="Bullet">
                    <param id="0" name="Object">Monster</param>
                </condition>
                <condition id="-14" name="Compare variable" sid="9602256125658686" type="System">
                    <param id="0" name="Variable">GameStarted</param>
                    <param id="1" name="Comparison">0</param>
                    <param id="2" name="Value">1</param>
                </condition>
            </conditions>
            <actions>
                <action id="0" name="Spawn another object" sid="8180578687143834" type="Monster">
                    <param id="0" name="Object">Explode</param>
                    <param id="1" name="Layer">0</param>
                    <param id="2" name="Image point">0</param>
                </action>
                <action id="-9" name="Destroy" sid="8680410838991024" type="Bullet" />
                <action id="-12" name="Subtract from" sid="5099795160742972" type="Monster">
                    <param id="0" name="Instance variable">MonsterHealth</param>
                    <param id="1" name="Value">1.5</param>
                </action>
            </actions>
        </event-block>
        <event-block sid="2330507982616338">
            <conditions>
                <condition id="-4" name="Is outside layout" sid="1781407496511345" type="Monster" />
                <condition id="-14" name="Compare variable" sid="7043432107308188" type="System">
                    <param id="0" name="Variable">GameStarted</param>
                    <param id="1" name="Comparison">0</param>
                    <param id="2" name="Value">1</param>
                </condition>
            </conditions>
            <actions>
                <action id="-22" name="Set angle toward position" sid="3958765219789504" type="Monster">
                    <param id="0" name="X">Player.X</param>
                    <param id="1" name="Y">Player.Y</param>
                </action>
            </actions>
        </event-block>
        <event-block sid="7306835851752167">
            <conditions>
                <condition id="-7" name="Compare instance variable" sid="7397443938387305" type="Monster">
                    <param id="0" name="Instance variable">MonsterHealth</param>
                    <param id="1" name="Comparison">3</param>
                    <param id="2" name="Value">0</param>
                </condition>
                <condition id="-14" name="Compare variable" sid="3123668285530069" type="System">
                    <param id="0" name="Variable">GameStarted</param>
                    <param id="1" name="Comparison">0</param>
                    <param id="2" name="Value">1</param>
                </condition>
            </conditions>
            <actions>
                <action id="-9" name="Destroy" sid="2638084401588259" type="Monster" />
                <action id="-10" name="Add to" sid="9708541862371039" type="System">
                    <param id="0" name="Variable">Kills</param>
                    <param id="1" name="Value">1</param>
                </action>
                <action id="0" name="Set text" sid="4577812827850693" type="Kills">
                    <param id="0" name="Text">&quot;Kills:&quot; &amp;Kills</param>
                </action>
            </actions>
        </event-block>
        <event-block sid="2317313481325538">
            <conditions>
                <condition id="0" name="On collision with another object" sid="9002119063720518" type="Monster">
                    <param id="0" name="Object">player</param>
                </condition>
                <condition id="-14" name="Compare variable" sid="6873275291099752" type="System">
                    <param id="0" name="Variable">GameStarted</param>
                    <param id="1" name="Comparison">0</param>
                    <param id="2" name="Value">1</param>
                </condition>
                <condition id="-7" name="Compare instance variable" sid="4437390616746709" type="player">
                    <param id="0" name="Instance variable">jump</param>
                    <param id="1" name="Comparison">0</param>
                    <param id="2" name="Value">0</param>
                </condition>
            </conditions>
            <actions>
                <action id="-12" name="Subtract from" sid="2813248248846551" type="player">
                    <param id="0" name="Instance variable">PlayerHealth</param>
                    <param id="1" name="Value">1</param>
                </action>
                <action id="0" name="Set text" sid="8961183294184944" type="Hearts">
                    <param id="0" name="Text">&quot;Hearts:&quot;&amp;  player.PlayerHealth</param>
                </action>
                <action behavior="ScrollTo" id="0" name="Shake" sid="8020762891416361" type="player">
                    <param id="0" name="Magnitude">100</param>
                    <param id="1" name="Duration">4</param>
                    <param id="2" name="Mode">0</param>
                </action>
            </actions>
        </event-block>
        <event-block sid="3503912871331259">
            <conditions>
                <condition id="-7" name="Compare instance variable" sid="5472731243978446" type="player">
                    <param id="0" name="Instance variable">PlayerHealth</param>
                    <param id="1" name="Comparison">3</param>
                    <param id="2" name="Value">0</param>
                </condition>
                <condition id="-14" name="Compare variable" sid="2137183157669591" type="System">
                    <param id="0" name="Variable">GameStarted</param>
                    <param id="1" name="Comparison">0</param>
                    <param id="2" name="Value">1</param>
                </condition>
            </conditions>
            <actions>
                <action id="-9" name="Destroy" sid="454499859453925" type="player" />
            </actions>
        </event-block>
        <event-block sid="8742612107701969">
            <conditions>
                <condition id="0" name="On key pressed" sid="8038291968688124" type="Keyboard">
                    <param id="0" name="Key">82 (R)</param>
                </condition>
                <condition id="-14" name="Compare variable" sid="5263518890333298" type="System">
                    <param id="0" name="Variable">BulletsLeft</param>
                    <param id="1" name="Comparison">2</param>
                    <param id="2" name="Value">5</param>
                </condition>
                <condition id="-14" name="Compare variable" sid="9544453657904201" type="System">
                    <param id="0" name="Variable">GameStarted</param>
                    <param id="1" name="Comparison">0</param>
                    <param id="2" name="Value">1</param>
                </condition>
            </conditions>
            <actions>
                <action id="-10" name="Add to" sid="8617486517543489" type="System">
                    <param id="0" name="Variable">BulletsLeft</param>
                    <param id="1" name="Value">2</param>
                </action>
                <action id="0" name="Set text" sid="8784923260926593" type="BulletsLeft">
                    <param id="0" name="Text">&quot;Ammo:&quot; &amp;BulletsLeft</param>
                </action>
            </actions>
        </event-block>
        <event-block sid="2084211024665666">
            <conditions>
                <condition id="-19" name="On destroyed" sid="5149446717871548" type="player" />
                <condition id="-14" name="Compare variable" sid="1642126031834421" type="System">
                    <param id="0" name="Variable">GameStarted</param>
                    <param id="1" name="Comparison">0</param>
                    <param id="2" name="Value">1</param>
                </condition>
            </conditions>
            <actions>
                <action id="-15" name="Set visible" sid="9156195881639491" type="Dmessage">
                    <param id="0" name="Visibility">1</param>
                </action>
            </actions>
        </event-block>
        <event-block sid="9465418067940951">
            <conditions>
                <condition id="0" name="On key pressed" sid="4312140245618981" type="Keyboard">
                    <param id="0" name="Key">13 (Return)</param>
                </condition>
                <condition id="-8" name="Compare two values" sid="5473127122950081" type="System">
                    <param id="0" name="First value">player.Count</param>
                    <param id="1" name="Comparison">0</param>
                    <param id="2" name="Second value">0</param>
                </condition>
                <condition id="-14" name="Compare variable" sid="7676203298233326" type="System">
                    <param id="0" name="Variable">GameStarted</param>
                    <param id="1" name="Comparison">0</param>
                    <param id="2" name="Value">1</param>
                </condition>
            </conditions>
            <actions>
                <action id="-9" name="Destroy" sid="2465523209721369" type="Monster" />
                <action id="-15" name="Set visible" sid="318369317156978" type="Dmessage">
                    <param id="0" name="Visibility">0</param>
                </action>
                <action id="-9" name="Set value" sid="6662944527764055" type="System">
                    <param id="0" name="Variable">BulletsLeft</param>
                    <param id="1" name="Value">6</param>
                </action>
                <action id="-3" name="Create object" sid="5965824340905478" type="System">
                    <param id="0" name="Object to create">player</param>
                    <param id="1" name="Layer">0</param>
                    <param id="2" name="X">302</param>
                    <param id="3" name="Y">225</param>
                </action>
                <action id="-3" name="Create object" sid="679559387685619" type="System">
                    <param id="0" name="Object to create">Monster</param>
                    <param id="1" name="Layer">0</param>
                    <param id="2" name="X">-115</param>
                    <param id="3" name="Y">84</param>
                </action>
                <action id="-3" name="Create object" sid="5404563025763834" type="System">
                    <param id="0" name="Object to create">Monster</param>
                    <param id="1" name="Layer">0</param>
                    <param id="2" name="X">-315</param>
                    <param id="3" name="Y">619</param>
                </action>
                <action id="-3" name="Create object" sid="4601557386316044" type="System">
                    <param id="0" name="Object to create">Monster</param>
                    <param id="1" name="Layer">0</param>
                    <param id="2" name="X">-148</param>
                    <param id="3" name="Y">1087</param>
                </action>
                <action id="-3" name="Create object" sid="4228333405384518" type="System">
                    <param id="0" name="Object to create">Monster</param>
                    <param id="1" name="Layer">0</param>
                    <param id="2" name="X">577</param>
                    <param id="3" name="Y">1044</param>
                </action>
                <action id="-3" name="Create object" sid="2826005712276988" type="System">
                    <param id="0" name="Object to create">Monster</param>
                    <param id="1" name="Layer">0</param>
                    <param id="2" name="X">1579</param>
                    <param id="3" name="Y">1071</param>
                </action>
                <action id="-3" name="Create object" sid="5386582462021666" type="System">
                    <param id="0" name="Object to create">Monster</param>
                    <param id="1" name="Layer">0</param>
                    <param id="2" name="X">882</param>
                    <param id="3" name="Y">-321</param>
                </action>
                <action id="-15" name="Set visible" sid="8898338807627746" type="StartButton">
                    <param id="0" name="Visibility">1</param>
                </action>
                <action id="-15" name="Set visible" sid="940148718327177" type="Sprite">
                    <param id="0" name="Visibility">1</param>
                </action>
                <action id="-9" name="Set value" sid="4594041447624933" type="System">
                    <param id="0" name="Variable">Kills</param>
                    <param id="1" name="Value">0</param>
                </action>
            </actions>
        </event-block>
        <event-block sid="4140672803887047">
            <conditions>
                <condition id="-8" name="Compare two values" sid="5232562789041623" type="System">
                    <param id="0" name="First value">Monster.Count</param>
                    <param id="1" name="Comparison">0</param>
                    <param id="2" name="Second value">0</param>
                </condition>
            </conditions>
            <actions>
                <action id="-15" name="Set visible" sid="9479955407143926" type="Win">
                    <param id="0" name="Visibility">1</param>
                </action>
            </actions>
        </event-block>
        <event-block sid="3185732958274273">
            <conditions>
                <condition id="0" name="On key pressed" sid="5618847790246733" type="Keyboard">
                    <param id="0" name="Key">13 (Return)</param>
                </condition>
                <condition id="-8" name="Compare two values" sid="9882128236470682" type="System">
                    <param id="0" name="First value">Monster.Count</param>
                    <param id="1" name="Comparison">0</param>
                    <param id="2" name="Second value">0</param>
                </condition>
                <condition id="-14" name="Compare variable" sid="4141346110001056" type="System">
                    <param id="0" name="Variable">GameStarted</param>
                    <param id="1" name="Comparison">0</param>
                    <param id="2" name="Value">1</param>
                </condition>
            </conditions>
            <actions>
                <action id="-9" name="Destroy" sid="26545733437506" type="Monster" />
                <action id="-9" name="Set value" sid="956048572620224" type="System">
                    <param id="0" name="Variable">BulletsLeft</param>
                    <param id="1" name="Value">6</param>
                </action>
                <action id="-3" name="Create object" sid="6766507782548117" type="System">
                    <param id="0" name="Object to create">Monster</param>
                    <param id="1" name="Layer">0</param>
                    <param id="2" name="X">-115</param>
                    <param id="3" name="Y">84</param>
                </action>
                <action id="-3" name="Create object" sid="105039805093361" type="System">
                    <param id="0" name="Object to create">Monster</param>
                    <param id="1" name="Layer">0</param>
                    <param id="2" name="X">-315</param>
                    <param id="3" name="Y">619</param>
                </action>
                <action id="-3" name="Create object" sid="7183742020371329" type="System">
                    <param id="0" name="Object to create">Monster</param>
                    <param id="1" name="Layer">0</param>
                    <param id="2" name="X">-148</param>
                    <param id="3" name="Y">1087</param>
                </action>
                <action id="-3" name="Create object" sid="1630721572094924" type="System">
                    <param id="0" name="Object to create">Monster</param>
                    <param id="1" name="Layer">0</param>
                    <param id="2" name="X">577</param>
                    <param id="3" name="Y">1044</param>
                </action>
                <action id="-3" name="Create object" sid="6127263987447645" type="System">
                    <param id="0" name="Object to create">Monster</param>
                    <param id="1" name="Layer">0</param>
                    <param id="2" name="X">1579</param>
                    <param id="3" name="Y">1071</param>
                </action>
                <action id="-3" name="Create object" sid="4445573262272678" type="System">
                    <param id="0" name="Object to create">Monster</param>
                    <param id="1" name="Layer">0</param>
                    <param id="2" name="X">882</param>
                    <param id="3" name="Y">-321</param>
                </action>
                <action id="-1" name="Set X" sid="8338333672553912" type="player">
                    <param id="0" name="X">302</param>
                </action>
                <action id="-2" name="Set Y" sid="571069260772968" type="player">
                    <param id="0" name="Y">225</param>
                </action>
                <action id="-15" name="Set visible" sid="1530827423300359" type="StartButton">
                    <param id="0" name="Visibility">1</param>
                </action>
                <action id="-15" name="Set visible" sid="3201784087750479" type="Sprite">
                    <param id="0" name="Visibility">1</param>
                </action>
                <action id="-15" name="Set visible" sid="4708023304378793" type="Win">
                    <param id="0" name="Visibility">0</param>
                </action>
                <action id="-9" name="Set value" sid="8792316235322367" type="System">
                    <param id="0" name="Variable">Kills</param>
                    <param id="1" name="Value">0</param>
                </action>
            </actions>
        </event-block>
        <event-block sid="4231700455344675">
            <conditions>
                <condition id="2" name="Key is down" sid="7186848408274301" type="Keyboard">
                    <param id="0" name="Key">87 (W)</param>
                </condition>
            </conditions>
            <actions>
                <action behavior="8Direction" id="7" name="Simulate control" sid="6817691336811607" type="player">
                    <param id="0" name="Control">2</param>
                </action>
            </actions>
        </event-block>
        <event-block sid="7620044222041874">
            <conditions>
                <condition id="2" name="Key is down" sid="2443308881051948" type="Keyboard">
                    <param id="0" name="Key">83 (S)</param>
                </condition>
            </conditions>
            <actions>
                <action behavior="8Direction" id="7" name="Simulate control" sid="5561903369236306" type="player">
                    <param id="0" name="Control">3</param>
                </action>
            </actions>
        </event-block>
        <event-block sid="1827340617367039">
            <conditions>
                <condition id="2" name="Key is down" sid="9008904025167761" type="Keyboard">
                    <param id="0" name="Key">65 (A)</param>
                </condition>
            </conditions>
            <actions>
                <action behavior="8Direction" id="7" name="Simulate control" sid="3889091033357384" type="player">
                    <param id="0" name="Control">0</param>
                </action>
            </actions>
        </event-block>
        <event-block sid="440483930810364">
            <conditions>
                <condition id="2" name="Key is down" sid="4931741787839487" type="Keyboard">
                    <param id="0" name="Key">68 (D)</param>
                </condition>
            </conditions>
            <actions>
                <action behavior="8Direction" id="7" name="Simulate control" sid="1886844509690685" type="player">
                    <param id="0" name="Control">1</param>
                </action>
            </actions>
        </event-block>
        <event-block sid="802069145174889">
            <conditions>
                <condition id="2" name="Key is down" sid="2796666713312552" type="Keyboard">
                    <param id="0" name="Key">16 (Shift)</param>
                </condition>
            </conditions>
            <actions>
                <action behavior="8Direction" id="4" name="Set max speed" sid="6505597913004287" type="player">
                    <param id="0" name="Max Speed">500</param>
                </action>
            </actions>
        </event-block>
        <event-block sid="8576396080302164">
            <conditions>
                <condition id="2" inverted="1" name="Key is down" sid="5757577043521082" type="Keyboard">
                    <param id="0" name="Key">16 (Shift)</param>
                </condition>
            </conditions>
            <actions>
                <action behavior="8Direction" id="4" name="Set max speed" sid="8345706831757155" type="player">
                    <param id="0" name="Max Speed">350</param>
                </action>
            </actions>
        </event-block>
        <event-block sid="160321154739736">
            <conditions>
                <condition id="0" name="On key pressed" sid="1524089506291105" type="Keyboard">
                    <param id="0" name="Key">32 (Space)</param>
                </condition>
                <condition id="-14" name="Compare variable" sid="7349741214612165" type="System">
                    <param id="0" name="Variable">jump</param>
                    <param id="1" name="Comparison">0</param>
                    <param id="2" name="Value">0</param>
                </condition>
            </conditions>
            <actions>
                <action id="-24" name="Move to top" sid="7456211715907363" type="player" />
                <action id="-9" name="Set value" sid="8199373628723917" type="System">
                    <param id="0" name="Variable">jump</param>
                    <param id="1" name="Value">1</param>
                </action>
                <action id="11" name="Set collisions enabled" sid="5039800375884845" type="player">
                    <param id="0" name="Collisions">0</param>
                </action>
            </actions>
        </event-block>
        <event-block sid="7973461280700538">
            <conditions>
                <condition id="-14" name="Compare variable" sid="1573164898158652" type="System">
                    <param id="0" name="Variable">jump</param>
                    <param id="1" name="Comparison">0</param>
                    <param id="2" name="Value">1</param>
                </condition>
            </conditions>
            <actions>
                <action id="-5" name="Set width" sid="3928485649406236" type="player">
                    <param id="0" name="Width">lerp(player.Width,190,0.1)</param>
                </action>
                <action id="-6" name="Set height" sid="3710197111440019" type="player">
                    <param id="0" name="Height">lerp(player.Height,190,0.1)</param>
                </action>
                <action id="-16" name="Wait" sid="6519550185815568" type="System">
                    <param id="0" name="Seconds">0.5</param>
                </action>
                <action id="-5" name="Set width" sid="739103747814837" type="player">
                    <param id="0" name="Width">lerp(player.Width,103,0.2)</param>
                </action>
                <action id="-6" name="Set height" sid="3039407908832441" type="player">
                    <param id="0" name="Height">lerp(player.Height,108,0.2)</param>
                </action>
                <action id="11" name="Set collisions enabled" sid="4280116776453053" type="player">
                    <param id="0" name="Collisions">1</param>
                </action>
                <action id="-9" name="Set value" sid="158800818509435" type="System">
                    <param id="0" name="Variable">jump</param>
                    <param id="1" name="Value">0</param>
                </action>
            </actions>
        </event-block>
        <event-block sid="7878114560384395">
            <conditions>
                <condition id="-6" name="Every X seconds" sid="7002209209667199" type="System">
                    <param id="0" name="Interval (seconds)">random(3,7)</param>
                </condition>
            </conditions>
            <actions>
                <action id="-22" name="Set angle toward position" sid="2972768003338583" type="Monster">
                    <param id="0" name="X">Player.X</param>
                    <param id="1" name="Y">Player.Y</param>
                </action>
            </actions>
        </event-block>
        <event-block sid="4341168533889039">
            <conditions>
                <condition id="-14" name="Compare variable" sid="7393600222196942" type="System">
                    <param id="0" name="Variable">GameStarted</param>
                    <param id="1" name="Comparison">0</param>
                    <param id="2" name="Value">1</param>
                </condition>
                <condition id="-7" name="Compare instance variable" sid="7483269536031993" type="Monster">
                    <param id="0" name="Instance variable">MonsterHealth</param>
                    <param id="1" name="Comparison">3</param>
                    <param id="2" name="Value">0</param>
                </condition>
            </conditions>
            <actions />
            <sub-events>
                <event-block sid="6684742971489629">
                    <conditions>
                        <condition id="-14" name="Compare variable" sid="2454513836685533" type="System">
                            <param id="0" name="Variable">Kills</param>
                            <param id="1" name="Comparison">0</param>
                            <param id="2" name="Value">0</param>
                        </condition>
                        <condition id="-14" name="Compare variable" sid="1369397669601629" type="System">
                            <param id="0" name="Variable">Kills</param>
                            <param id="1" name="Comparison">0</param>
                            <param id="2" name="Value">1</param>
                        </condition>
                        <condition id="-14" name="Compare variable" sid="6703881742140786" type="System">
                            <param id="0" name="Variable">Kills</param>
                            <param id="1" name="Comparison">0</param>
                            <param id="2" name="Value">2</param>
                        </condition>
                        <condition id="-14" name="Compare variable" sid="3535133216101759" type="System">
                            <param id="0" name="Variable">Kills</param>
                            <param id="1" name="Comparison">0</param>
                            <param id="2" name="Value">3</param>
                        </condition>
                        <condition id="-14" name="Compare variable" sid="2603523909200351" type="System">
                            <param id="0" name="Variable">Kills</param>
                            <param id="1" name="Comparison">0</param>
                            <param id="2" name="Value">4</param>
                        </condition>
                        <condition id="-14" name="Compare variable" sid="45673936665003" type="System">
                            <param id="0" name="Variable">Kills</param>
                            <param id="1" name="Comparison">0</param>
                            <param id="2" name="Value">5</param>
                        </condition>
                        <condition id="-14" name="Compare variable" sid="4113411110497756" type="System">
                            <param id="0" name="Variable">Kills</param>
                            <param id="1" name="Comparison">0</param>
                            <param id="2" name="Value">6</param>
                        </condition>
                    </conditions>
                    <actions>
                        <action id="0" name="Play" sid="712851783977872" type="Audio">
                            <param id="0" name="Audio file">okill2</param>
                            <param id="2" name="Loop">0</param>
                            <param id="3" name="Volume">0</param>
                            <param id="1" name="Tag (optional)">&quot;&quot;</param>
                        </action>
                        <action id="0" name="Play" sid="354605359601217" type="Audio">
                            <param id="0" name="Audio file">okill3</param>
                            <param id="2" name="Loop">0</param>
                            <param id="3" name="Volume">0</param>
                            <param id="1" name="Tag (optional)">&quot;&quot;</param>
                        </action>
                        <action id="0" name="Play" sid="3438868195428415" type="Audio">
                            <param id="0" name="Audio file">okill4</param>
                            <param id="2" name="Loop">0</param>
                            <param id="3" name="Volume">0</param>
                            <param id="1" name="Tag (optional)">&quot;&quot;</param>
                        </action>
                        <action id="0" name="Play" sid="9386667344086952" type="Audio">
                            <param id="0" name="Audio file">okill5</param>
                            <param id="2" name="Loop">0</param>
                            <param id="3" name="Volume">0</param>
                            <param id="1" name="Tag (optional)">&quot;&quot;</param>
                        </action>
                        <action id="0" name="Play" sid="7506634311047827" type="Audio">
                            <param id="0" name="Audio file">okill6</param>
                            <param id="2" name="Loop">0</param>
                            <param id="3" name="Volume">0</param>
                            <param id="1" name="Tag (optional)">&quot;&quot;</param>
                        </action>
                        <action id="0" name="Play" sid="8947070303817692" type="Audio">
                            <param id="0" name="Audio file">okill7</param>
                            <param id="2" name="Loop">0</param>
                            <param id="3" name="Volume">0</param>
                            <param id="1" name="Tag (optional)">&quot;&quot;</param>
                        </action>
                        <action id="0" name="Play" sid="7923904484980986" type="Audio">
                            <param id="0" name="Audio file">oooh</param>
                            <param id="2" name="Loop">0</param>
                            <param id="3" name="Volume">0</param>
                            <param id="1" name="Tag (optional)">&quot;&quot;</param>
                        </action>
                    </actions>
                </event-block>
            </sub-events>
        </event-block>
        <event-block sid="2878660355590899">
            <conditions>
                <condition id="0" name="On key pressed" sid="8983150496790013" type="Keyboard">
                    <param id="0" name="Key">80 (P)</param>
                </condition>
            </conditions>
            <actions>
                <action id="0" name="Play" sid="7216323634937173" type="Audio">
                    <param id="0" name="Audio file">okill2</param>
                    <param id="2" name="Loop">0</param>
                    <param id="3" name="Volume">0</param>
                    <param id="1" name="Tag (optional)">&quot;&quot;</param>
                </action>
            </actions>
        </event-block>
    </events>
</c2eventsheet>
