﻿<?xml version="1.0" encoding="utf-8" ?>
<c2eventsheet>
    <!--All the 'name' attributes are ignored by Construct 2 - they are there for readability only.-->
    <name>Event sheet 1</name>
    <events>
        <variable constant="0" name="Score" sid="8532932312428303" static="0" type="number">0</variable>
        <variable constant="0" name="CanPipe" sid="3701222056015833" static="0" type="number">1</variable>
        <variable constant="0" name="PipeSpawnDelay" sid="3617363477649646" static="0" type="number">2</variable>
        <variable constant="0" name="movementSpeed" sid="2883635313920556" static="0" type="number">5</variable>
        <event-block sid="5714560804639821">
            <conditions>
                <condition id="0" name="On key pressed" sid="756958127063233" type="Keyboard">
                    <param id="0" name="Key">32 (Space)</param>
                </condition>
                <condition id="-14" name="Compare variable" sid="4537735281816116" type="System">
                    <param id="0" name="Variable">CanPipe</param>
                    <param id="1" name="Comparison">0</param>
                    <param id="2" name="Value">1</param>
                </condition>
            </conditions>
            <actions>
                <action behavior="Physics" id="15" name="Set velocity" sid="1735423666672402" type="Bird">
                    <param id="0" name="X component">0</param>
                    <param id="1" name="Y component">-1300</param>
                </action>
                <action id="4" name="Set animation" sid="2742499548989667" type="Bird">
                    <param id="0" name="Animation">&quot;Flap&quot;</param>
                    <param id="1" name="From">1</param>
                </action>
            </actions>
        </event-block>
        <event-block sid="2602583927329097">
            <conditions>
                <condition id="-2" name="Compare Y" sid="7520672998669044" type="Bird">
                    <param id="0" name="Comparison">2</param>
                    <param id="1" name="Y co-ordinate">20</param>
                </condition>
            </conditions>
            <actions>
                <action id="-2" name="Set Y" sid="3383433685126369" type="Bird">
                    <param id="0" name="Y">20</param>
                </action>
            </actions>
        </event-block>
        <event-block sid="9232418994292286">
            <conditions>
                <condition id="-1" name="Every tick" sid="7019205528708253" type="System" />
            </conditions>
            <actions>
                <action id="-1" name="Set X" sid="7649190846655346" type="Pipe">
                    <param id="0" name="X">Pipe.X-movementSpeed</param>
                </action>
                <action id="-1" name="Set X" sid="9346855031055973" type="TopPipe">
                    <param id="0" name="X">TopPipe.X-movementSpeed</param>
                </action>
                <action behavior="Physics" id="12" name="Set world gravity" sid="5250504644593316" type="Bird">
                    <param id="0" name="Gravity">100</param>
                </action>
                <action id="-1" name="Set X" sid="6159993418771812" type="PowerUp">
                    <param id="0" name="X">PowerUp.X-movementSpeed</param>
                </action>
            </actions>
        </event-block>
        <event-block sid="890321440386519">
            <conditions>
                <condition id="-1" name="Compare X" sid="6609618924008107" type="Pipe">
                    <param id="0" name="Comparison">2</param>
                    <param id="1" name="X co-ordinate">-300</param>
                </condition>
            </conditions>
            <actions>
                <action id="-9" name="Destroy" sid="2134974382040283" type="Pipe" />
            </actions>
        </event-block>
        <event-block sid="864400030601888">
            <conditions>
                <condition id="-1" name="Compare X" sid="3078693176289497" type="TopPipe">
                    <param id="0" name="Comparison">2</param>
                    <param id="1" name="X co-ordinate">-300</param>
                </condition>
            </conditions>
            <actions>
                <action id="-9" name="Destroy" sid="998698562495916" type="TopPipe" />
            </actions>
        </event-block>
        <event-block sid="9703953763875476">
            <conditions>
                <condition id="-6" name="Every X seconds" sid="9642859030949944" type="System">
                    <param id="0" name="Interval (seconds)">PipeSpawnDelay</param>
                </condition>
            </conditions>
            <actions>
                <action id="-3" name="Create object" sid="4838773871165613" type="System">
                    <param id="0" name="Object to create">Pipe</param>
                    <param id="1" name="Layer">1</param>
                    <param id="2" name="X">1100</param>
                    <param id="3" name="Y">random(500, 1100)</param>
                </action>
                <action id="-3" name="Create object" sid="4275739112904124" type="System">
                    <param id="0" name="Object to create">TopPipe</param>
                    <param id="1" name="Layer">1</param>
                    <param id="2" name="X">1100</param>
                    <param id="3" name="Y">Pipe.Y-350</param>
                </action>
            </actions>
            <sub-events>
                <event-block sid="7428180227903115">
                    <conditions>
                        <condition id="-8" name="Compare two values" sid="9181453440055103" type="System">
                            <param id="0" name="First value">random(0,10)</param>
                            <param id="1" name="Comparison">4</param>
                            <param id="2" name="Second value">8</param>
                        </condition>
                    </conditions>
                    <actions>
                        <action id="-3" name="Create object" sid="1473377267881531" type="System">
                            <param id="0" name="Object to create">PowerUp</param>
                            <param id="1" name="Layer">1</param>
                            <param id="2" name="X">1100</param>
                            <param id="3" name="Y">Pipe.Y-175</param>
                        </action>
                    </actions>
                </event-block>
            </sub-events>
        </event-block>
        <event-block sid="3457871313993863">
            <conditions>
                <condition id="-6" name="Every X seconds" sid="9435562422488792" type="System">
                    <param id="0" name="Interval (seconds)">PipeSpawnDelay</param>
                </condition>
            </conditions>
            <actions />
        </event-block>
        <event-block sid="4446261489752273">
            <conditions>
                <condition id="0" name="On collision with another object" sid="2973823589262985" type="Bird">
                    <param id="0" name="Object">Pipe</param>
                </condition>
            </conditions>
            <actions>
                <action id="-9" name="Set value" sid="1031503924699119" type="System">
                    <param id="0" name="Variable">CanPipe</param>
                    <param id="1" name="Value">0</param>
                </action>
            </actions>
        </event-block>
        <event-block sid="2235632745195611">
            <conditions>
                <condition id="0" name="On collision with another object" sid="2419372935543193" type="Bird">
                    <param id="0" name="Object">TopPipe</param>
                </condition>
            </conditions>
            <actions>
                <action id="-9" name="Set value" sid="8509082793192486" type="System">
                    <param id="0" name="Variable">CanPipe</param>
                    <param id="1" name="Value">0</param>
                </action>
            </actions>
        </event-block>
        <event-block sid="2261511514418261">
            <conditions>
                <condition id="-1" name="Compare X" sid="5915384790603845" type="Bird">
                    <param id="0" name="Comparison">2</param>
                    <param id="1" name="X co-ordinate">0</param>
                </condition>
            </conditions>
            <actions>
                <action id="-9" name="Destroy" sid="7997150072550427" type="Bird" />
                <action id="-26" name="Restart layout" sid="4193365130635771" type="System" />
                <action id="-9" name="Set value" sid="8645629492435771" type="System">
                    <param id="0" name="Variable">CanPipe</param>
                    <param id="1" name="Value">1</param>
                </action>
                <action id="-9" name="Set value" sid="187144823053854" type="System">
                    <param id="0" name="Variable">Score</param>
                    <param id="1" name="Value">0</param>
                </action>
            </actions>
        </event-block>
        <event-block disabled="1" sid="3588451025733016">
            <conditions>
                <condition id="-1" name="Every tick" sid="9982486249995526" type="System" />
            </conditions>
            <actions>
                <action id="-1" name="Set X" sid="8486063615766776" type="Background">
                    <param id="0" name="X">Background.X-5</param>
                </action>
            </actions>
        </event-block>
        <event-block disabled="1" sid="406922053837035">
            <conditions>
                <condition id="-1" name="Compare X" sid="3215671505544942" type="Background">
                    <param id="0" name="Comparison">2</param>
                    <param id="1" name="X co-ordinate">0</param>
                </condition>
            </conditions>
            <actions>
                <action disabled="1" id="-3" name="Create object" sid="7410346218398939" type="System">
                    <param id="0" name="Object to create">Background</param>
                    <param id="1" name="Layer">0</param>
                    <param id="2" name="X">Background.X+2311.375</param>
                    <param id="3" name="Y">651</param>
                </action>
                <action id="-1" name="Set X" sid="1662052074841542" type="Background">
                    <param id="0" name="X">1079</param>
                </action>
            </actions>
        </event-block>
        <event-block sid="1484064209414025">
            <conditions>
                <condition id="-1" name="Compare X" sid="4662753709648642" type="Pipe">
                    <param id="0" name="Comparison">2</param>
                    <param id="1" name="X co-ordinate">Bird.X</param>
                </condition>
                <condition id="-7" name="Compare instance variable" sid="5848298753640164" type="Pipe">
                    <param id="0" name="Instance variable">alreadythere</param>
                    <param id="1" name="Comparison">0</param>
                    <param id="2" name="Value">0</param>
                </condition>
            </conditions>
            <actions>
                <action id="-10" name="Add to" sid="9365894131343649" type="System">
                    <param id="0" name="Variable">Score</param>
                    <param id="1" name="Value">1</param>
                </action>
                <action id="0" name="Set text" sid="1873882594895312" type="Score">
                    <param id="0" name="Text">Score</param>
                </action>
                <action id="-10" name="Set value" sid="6720519349361204" type="Pipe">
                    <param id="0" name="Instance variable">alreadythere</param>
                    <param id="1" name="Value">1</param>
                </action>
            </actions>
        </event-block>
        <event-block sid="866790280378051">
            <conditions>
                <condition id="-1" name="Every tick" sid="425605301718581" type="System" />
            </conditions>
            <actions>
                <action id="-24" name="Move to top" sid="8893646716422854" type="Score" />
            </actions>
        </event-block>
        <event-block sid="4678195377756287">
            <conditions>
                <condition id="-6" name="Every X seconds" sid="4409018658887498" type="System">
                    <param id="0" name="Interval (seconds)">2</param>
                </condition>
            </conditions>
            <actions>
                <action id="-24" name="Move to top" sid="2691377002815506" type="PowerUp" />
            </actions>
        </event-block>
        <event-block sid="5956895363098849">
            <conditions>
                <condition id="-1" name="Compare X" sid="109156593966861" type="PowerUp">
                    <param id="0" name="Comparison">2</param>
                    <param id="1" name="X co-ordinate">-300</param>
                </condition>
            </conditions>
            <actions>
                <action id="-9" name="Destroy" sid="6838017168218061" type="PowerUp" />
            </actions>
        </event-block>
        <event-block sid="6944662009196511">
            <conditions>
                <condition id="0" name="On collision with another object" sid="9487704097684533" type="Bird">
                    <param id="0" name="Object">PowerUp</param>
                </condition>
            </conditions>
            <actions>
                <action id="-9" name="Destroy" sid="1654208052636423" type="PowerUp" />
                <action id="4" name="Set animation" sid="3233397482351193" type="Bird">
                    <param id="0" name="Animation">&quot;happy&quot;</param>
                    <param id="1" name="From">1</param>
                </action>
            </actions>
        </event-block>
    </events>
</c2eventsheet>
